image_name,equation,netlist
AND (100).jpg,UNKNOWN,UNKNOWN
AND (103).jpg,UNKNOWN,UNKNOWN
AND (113).jpg,UNKNOWN,UNKNOWN
AND (124).jpg,UNKNOWN,UNKNOWN
AND (14).jpg,UNKNOWN,UNKNOWN
And (148).jpeg,UNKNOWN,UNKNOWN
And (150).jpeg,UNKNOWN,UNKNOWN
AND (16).jpg,UNKNOWN,UNKNOWN
AND (17).jpg,UNKNOWN,UNKNOWN
AND (19).jpg,UNKNOWN,UNKNOWN
AND (2).jpg,UNKNOWN,UNKNOWN
AND (26).jpg,UNKNOWN,UNKNOWN
AND (27).jpg,UNKNOWN,UNKNOWN
AND (28).jpg,UNKNOWN,UNKNOWN
AND (29).jpg,UNKNOWN,UNKNOWN
AND (3).jpg,UNKNOWN,UNKNOWN
AND (31).jpg,UNKNOWN,UNKNOWN
AND (34).jpg,UNKNOWN,UNKNOWN
AND (35).jpg,UNKNOWN,UNKNOWN
AND (38).jpg,UNKNOWN,UNKNOWN
AND (4).jpg,UNKNOWN,UNKNOWN
AND (5).jpg,UNKNOWN,UNKNOWN
AND (59).jpg,UNKNOWN,UNKNOWN
AND (64).jpg,UNKNOWN,UNKNOWN
AND (78).jpg,UNKNOWN,UNKNOWN
AND (82).jpg,UNKNOWN,UNKNOWN
AND (85).jpg,UNKNOWN,UNKNOWN
AND (89).jpg,UNKNOWN,UNKNOWN
BUFFER (101).jpg,UNKNOWN,UNKNOWN
BUFFER (102).jpg,UNKNOWN,UNKNOWN
BUFFER (114).jpg,UNKNOWN,UNKNOWN
BUFFER (116).jpg,UNKNOWN,UNKNOWN
BUFFER (118).jpg,UNKNOWN,UNKNOWN
BUFFER (120).jpg,UNKNOWN,UNKNOWN
BUFFER (121).jpg,UNKNOWN,UNKNOWN
BUFFER (123).jpg,UNKNOWN,UNKNOWN
BUFFER (124).jpg,UNKNOWN,UNKNOWN
BUFFER (125).jpg,UNKNOWN,UNKNOWN
BUFFER (127).jpeg,UNKNOWN,UNKNOWN
BUFFER (14).jpg,UNKNOWN,UNKNOWN
BUFFER (142).jpeg,UNKNOWN,UNKNOWN
BUFFER (143).jpeg,UNKNOWN,UNKNOWN
BUFFER (150).jpeg,UNKNOWN,UNKNOWN
BUFFER (2).jpg,UNKNOWN,UNKNOWN
BUFFER (22).jpg,UNKNOWN,UNKNOWN
BUFFER (3).jpg,UNKNOWN,UNKNOWN
BUFFER (38).jpg,UNKNOWN,UNKNOWN
BUFFER (4).jpg,UNKNOWN,UNKNOWN
BUFFER (45).jpg,UNKNOWN,UNKNOWN
BUFFER (5).jpg,UNKNOWN,UNKNOWN
BUFFER (62).jpg,UNKNOWN,UNKNOWN
BUFFER (65).jpg,UNKNOWN,UNKNOWN
NAND (1).jpg,UNKNOWN,UNKNOWN
NAND (100).jpg,UNKNOWN,UNKNOWN
NAND (101).jpg,UNKNOWN,UNKNOWN
NAND (102).jpg,UNKNOWN,UNKNOWN
NAND (11).jpg,UNKNOWN,UNKNOWN
NAND (112).jpg,UNKNOWN,UNKNOWN
NAND (114).jpg,UNKNOWN,UNKNOWN
NAND (117).jpg,UNKNOWN,UNKNOWN
NAND (12).jpg,UNKNOWN,UNKNOWN
NAND (122).jpg,UNKNOWN,UNKNOWN
NAND (123).jpg,UNKNOWN,UNKNOWN
NAND (126).jpeg,UNKNOWN,UNKNOWN
NAND (128).jpeg,UNKNOWN,UNKNOWN
NAND (13).jpg,UNKNOWN,UNKNOWN
NAND (137).jpeg,UNKNOWN,UNKNOWN
NAND (139).jpeg,UNKNOWN,UNKNOWN
NAND (140).jpeg,UNKNOWN,UNKNOWN
NAND (143).jpeg,UNKNOWN,UNKNOWN
NAND (146).jpeg,UNKNOWN,UNKNOWN
NAND (16).jpg,UNKNOWN,UNKNOWN
NAND (18).jpg,UNKNOWN,UNKNOWN
NAND (2).jpg,UNKNOWN,UNKNOWN
NAND (22).jpg,UNKNOWN,UNKNOWN
NAND (25).jpg,UNKNOWN,UNKNOWN
NAND (26).jpg,UNKNOWN,UNKNOWN
NAND (3).jpg,UNKNOWN,UNKNOWN
NAND (36).jpg,UNKNOWN,UNKNOWN
NAND (4).jpg,UNKNOWN,UNKNOWN
NAND (55).jpg,UNKNOWN,UNKNOWN
NAND (56).jpg,UNKNOWN,UNKNOWN
NAND (59).jpg,UNKNOWN,UNKNOWN
NAND (61).jpg,UNKNOWN,UNKNOWN
NAND (86).jpg,UNKNOWN,UNKNOWN
NOR (1).jpg,UNKNOWN,UNKNOWN
NOR (101).jpg,UNKNOWN,UNKNOWN
NOR (107).jpg,UNKNOWN,UNKNOWN
NOR (112).jpg,UNKNOWN,UNKNOWN
NOR (116).jpg,UNKNOWN,UNKNOWN
NOR (118).jpg,UNKNOWN,UNKNOWN
NOR (12).jpg,UNKNOWN,UNKNOWN
NOR (122).jpg,UNKNOWN,UNKNOWN
NOR (123).jpg,UNKNOWN,UNKNOWN
NOR (124).jpg,UNKNOWN,UNKNOWN
NOR (127).jpeg,UNKNOWN,UNKNOWN
NOR (128).jpeg,UNKNOWN,UNKNOWN
NOR (129).jpeg,UNKNOWN,UNKNOWN
NOR (13).jpg,UNKNOWN,UNKNOWN
NOR (138).jpeg,UNKNOWN,UNKNOWN
NOR (139).jpeg,UNKNOWN,UNKNOWN
NOR (14).jpg,UNKNOWN,UNKNOWN
NOR (140).jpeg,UNKNOWN,UNKNOWN
NOR (144).jpeg,UNKNOWN,UNKNOWN
NOR (147).jpeg,UNKNOWN,UNKNOWN
NOR (149).jpeg,UNKNOWN,UNKNOWN
NOR (2).jpg,UNKNOWN,UNKNOWN
NOR (22).jpg,UNKNOWN,UNKNOWN
NOR (26).jpg,UNKNOWN,UNKNOWN
NOR (3).jpg,UNKNOWN,UNKNOWN
NOR (37).jpg,UNKNOWN,UNKNOWN
NOR (4).jpg,UNKNOWN,UNKNOWN
NOR (40).jpg,UNKNOWN,UNKNOWN
NOR (56).jpg,UNKNOWN,UNKNOWN
NOR (57).jpg,UNKNOWN,UNKNOWN
NOR (60).jpg,UNKNOWN,UNKNOWN
NOR (80).jpg,UNKNOWN,UNKNOWN
NOR (89).jpg,UNKNOWN,UNKNOWN
NOR (93).jpg,UNKNOWN,UNKNOWN
NOT (1).jpg,F = (NOT X),F = NOT(X)
NOT (101).jpg,UNKNOWN,UNKNOWN
NOT (120).jpg,UNKNOWN,UNKNOWN
NOT (121).jpg,UNKNOWN,UNKNOWN
NOT (123).jpg,UNKNOWN,UNKNOWN
NOT (124).jpg,UNKNOWN,UNKNOWN
NOT (137).jpeg,UNKNOWN,UNKNOWN
NOT (138).jpeg,UNKNOWN,UNKNOWN
NOT (139).jpeg,UNKNOWN,UNKNOWN
NOT (14).jpg,UNKNOWN,UNKNOWN
NOT (143).jpeg,UNKNOWN,UNKNOWN
NOT (147).jpeg,UNKNOWN,UNKNOWN
NOT (15).jpg,UNKNOWN,UNKNOWN
NOT (16).jpg,UNKNOWN,UNKNOWN
NOT (2).jpg,UNKNOWN,UNKNOWN
NOT (3).jpg,UNKNOWN,UNKNOWN
NOT (4).jpg,UNKNOWN,UNKNOWN
NOT (64).jpg,UNKNOWN,UNKNOWN
NOT (65).jpg,UNKNOWN,UNKNOWN
NOT (82).jpg,UNKNOWN,UNKNOWN
OR (1).jpg,Y = (A OR B),"Y = OR(A, B)"
OR (101).jpg,UNKNOWN,UNKNOWN
OR (103).jpg,UNKNOWN,UNKNOWN
OR (107).jpg,UNKNOWN,UNKNOWN
OR (116).jpg,UNKNOWN,UNKNOWN
OR (118).jpg,UNKNOWN,UNKNOWN
OR (122).jpg,UNKNOWN,UNKNOWN
OR (123).jpg,UNKNOWN,UNKNOWN
OR (124).jpg,UNKNOWN,UNKNOWN
OR (137).jpeg,UNKNOWN,UNKNOWN
OR (138).jpeg,UNKNOWN,UNKNOWN
OR (139).jpeg,UNKNOWN,UNKNOWN
OR (14).jpg,UNKNOWN,UNKNOWN
OR (147).jpeg,UNKNOWN,UNKNOWN
OR (15).jpg,UNKNOWN,UNKNOWN
OR (2).jpg,UNKNOWN,UNKNOWN
OR (23).jpg,UNKNOWN,UNKNOWN
OR (3).jpg,UNKNOWN,UNKNOWN
OR (4).jpg,UNKNOWN,UNKNOWN
OR (57).jpg,UNKNOWN,UNKNOWN
OR (58).jpg,UNKNOWN,UNKNOWN
OR (60).jpg,UNKNOWN,UNKNOWN
OR (61).jpg,UNKNOWN,UNKNOWN
OR (74).jpg,UNKNOWN,UNKNOWN
Screenshot 2026-03-26 223116.png,S = ((A XOR B) XOR Cin),"G1 = XOR(A, B); S = XOR(G1, Cin)"
Screenshot 2026-03-26 223129.png,SUM = ((A XOR B) XOR Cin),"G1 = XOR(A, B); SUM = XOR(G1, Cin)"
Screenshot 2026-03-26 223439.png,UNKNOWN,UNKNOWN
Screenshot 2026-03-26 223559.png,UNKNOWN,UNKNOWN
Screenshot 2026-03-26 223847.png,UNKNOWN,UNKNOWN
Screenshot 2026-03-26 224053.png,UNKNOWN,UNKNOWN
Screenshot 2026-03-26 225017.png,UNKNOWN,UNKNOWN
Screenshot 2026-03-26 225050.png,UNKNOWN,UNKNOWN
Screenshot 2026-03-26 225135.png,UNKNOWN,UNKNOWN
Screenshot 2026-03-26 225237.png,UNKNOWN,UNKNOWN
Screenshot 2026-03-26 225400.png,UNKNOWN,UNKNOWN
Screenshot 2026-03-26 225420.png,UNKNOWN,UNKNOWN
Screenshot 2026-03-26 225628.png,UNKNOWN,UNKNOWN
Screenshot 2026-03-26 225738.png,UNKNOWN,UNKNOWN
Screenshot 2026-03-26 225800.png,UNKNOWN,UNKNOWN
Screenshot 2026-03-26 230445.png,UNKNOWN,UNKNOWN
Screenshot 2026-03-26 230502.png,UNKNOWN,UNKNOWN
Screenshot 2026-03-26 230552.png,UNKNOWN,UNKNOWN
Screenshot 2026-03-26 230656.png,UNKNOWN,UNKNOWN
Screenshot 2026-03-26 231020.png,UNKNOWN,UNKNOWN
Screenshot 2026-03-26 231736.png,UNKNOWN,UNKNOWN
Screenshot 2026-03-26 231803.png,UNKNOWN,UNKNOWN
Screenshot 2026-03-26 231809.png,UNKNOWN,UNKNOWN
Screenshot 2026-03-26 231816.png,UNKNOWN,UNKNOWN
Screenshot 2026-03-26 232324.png,UNKNOWN,UNKNOWN
Screenshot 2026-03-26 232551.png,UNKNOWN,UNKNOWN
Screenshot 2026-03-26 232559.png,UNKNOWN,UNKNOWN
Screenshot 2026-03-26 232606.png,UNKNOWN,UNKNOWN
Screenshot 2026-03-26 232614.png,UNKNOWN,UNKNOWN
Screenshot 2026-03-26 232905.png,UNKNOWN,UNKNOWN
Screenshot 2026-03-26 233218.png,UNKNOWN,UNKNOWN
Screenshot 2026-03-26 233432.png,UNKNOWN,UNKNOWN
Screenshot 2026-03-26 233826.png,UNKNOWN,UNKNOWN
Screenshot 2026-03-26 234120.png,UNKNOWN,UNKNOWN
Screenshot 2026-03-26 234600.png,UNKNOWN,UNKNOWN
Screenshot 2026-03-26 234732.png,UNKNOWN,UNKNOWN
Screenshot 2026-03-26 234826.png,UNKNOWN,UNKNOWN
Screenshot 2026-03-27 000047.png,UNKNOWN,UNKNOWN
Screenshot 2026-03-27 000854.png,UNKNOWN,UNKNOWN
Screenshot 2026-03-29 232103.png,UNKNOWN,UNKNOWN
Screenshot 2026-03-29 232137.png,UNKNOWN,UNKNOWN
Screenshot 2026-03-29 232257.png,UNKNOWN,UNKNOWN
Screenshot 2026-03-29 232509.png,UNKNOWN,UNKNOWN
Screenshot 2026-03-29 232648.png,UNKNOWN,UNKNOWN
Screenshot 2026-03-29 232734.png,UNKNOWN,UNKNOWN
Screenshot 2026-03-29 232754.png,UNKNOWN,UNKNOWN
Screenshot 2026-03-29 232821.png,UNKNOWN,UNKNOWN
Screenshot 2026-03-29 233517.png,UNKNOWN,UNKNOWN
Screenshot 2026-03-29 233538.png,UNKNOWN,UNKNOWN
Screenshot 2026-03-29 233622.png,UNKNOWN,UNKNOWN
Screenshot 2026-03-29 233821.png,UNKNOWN,UNKNOWN
Screenshot 2026-03-29 233831.png,UNKNOWN,UNKNOWN
Screenshot 2026-03-29 234405.png,UNKNOWN,UNKNOWN
XNOR (1).jpg,UNKNOWN,UNKNOWN
XNOR (100).jpg,UNKNOWN,UNKNOWN
XNOR (101).jpg,UNKNOWN,UNKNOWN
XNOR (108).jpg,UNKNOWN,UNKNOWN
XNOR (111).jpg,UNKNOWN,UNKNOWN
XNOR (112).jpg,UNKNOWN,UNKNOWN
XNOR (117).jpg,UNKNOWN,UNKNOWN
XNOR (118).jpg,UNKNOWN,UNKNOWN
XNOR (119).jpg,UNKNOWN,UNKNOWN
XNOR (120).jpg,UNKNOWN,UNKNOWN
XNOR (121).jpg,UNKNOWN,UNKNOWN
XNOR (123).jpeg,UNKNOWN,UNKNOWN
XNOR (125).jpeg,UNKNOWN,UNKNOWN
XNOR (133).jpeg,UNKNOWN,UNKNOWN
XNOR (134).jpeg,UNKNOWN,UNKNOWN
XNOR (135).jpeg,UNKNOWN,UNKNOWN
XNOR (136).jpeg,UNKNOWN,UNKNOWN
XNOR (137).jpeg,UNKNOWN,UNKNOWN
XNOR (139).jpeg,UNKNOWN,UNKNOWN
XNOR (14).jpg,UNKNOWN,UNKNOWN
XNOR (15).jpg,UNKNOWN,UNKNOWN
XNOR (17).jpg,UNKNOWN,UNKNOWN
XNOR (2).jpg,UNKNOWN,UNKNOWN
XNOR (25).jpg,UNKNOWN,UNKNOWN
XNOR (3).jpg,UNKNOWN,UNKNOWN
XNOR (31).jpg,UNKNOWN,UNKNOWN
XNOR (32).jpg,UNKNOWN,UNKNOWN
XNOR (38).jpg,UNKNOWN,UNKNOWN
XNOR (39).jpg,UNKNOWN,UNKNOWN
XNOR (4).jpg,UNKNOWN,UNKNOWN
XNOR (40).jpg,UNKNOWN,UNKNOWN
XNOR (41).jpg,UNKNOWN,UNKNOWN
XNOR (5).jpg,UNKNOWN,UNKNOWN
XNOR (62).jpg,UNKNOWN,UNKNOWN
XNOR (63).jpg,UNKNOWN,UNKNOWN
XNOR (64).jpg,UNKNOWN,UNKNOWN
XNOR (65).jpg,UNKNOWN,UNKNOWN
XNOR (66).jpg,UNKNOWN,UNKNOWN
XNOR (83).jpg,UNKNOWN,UNKNOWN
XNOR (88).jpg,UNKNOWN,UNKNOWN
XNOR (97).jpg,UNKNOWN,UNKNOWN
XNOR (98).jpg,UNKNOWN,UNKNOWN
XNOR (99).jpg,UNKNOWN,UNKNOWN
XOR (1).jpg,UNKNOWN,UNKNOWN
XOR (101).jpg,UNKNOWN,UNKNOWN
XOR (102).jpg,UNKNOWN,UNKNOWN
XOR (103).jpg,UNKNOWN,UNKNOWN
XOR (104).jpg,UNKNOWN,UNKNOWN
XOR (105).jpg,UNKNOWN,UNKNOWN
XOR (110).jpg,UNKNOWN,UNKNOWN
XOR (121).jpg,UNKNOWN,UNKNOWN
XOR (122).jpg,UNKNOWN,UNKNOWN
XOR (123).jpg,UNKNOWN,UNKNOWN
XOR (124).jpg,UNKNOWN,UNKNOWN
XOR (125).jpg,UNKNOWN,UNKNOWN
XOR (128).jpeg,UNKNOWN,UNKNOWN
XOR (13).jpg,UNKNOWN,UNKNOWN
XOR (136).jpeg,UNKNOWN,UNKNOWN
XOR (137).jpeg,UNKNOWN,UNKNOWN
XOR (138).jpeg,UNKNOWN,UNKNOWN
XOR (139).jpeg,UNKNOWN,UNKNOWN
XOR (14).jpg,UNKNOWN,UNKNOWN
XOR (144).jpeg,UNKNOWN,UNKNOWN
XOR (146).jpeg,UNKNOWN,UNKNOWN
XOR (16).jpg,UNKNOWN,UNKNOWN
XOR (2).jpg,UNKNOWN,UNKNOWN
XOR (23).jpg,UNKNOWN,UNKNOWN
XOR (24).jpg,UNKNOWN,UNKNOWN
XOR (29).jpg,UNKNOWN,UNKNOWN
XOR (3).jpg,UNKNOWN,UNKNOWN
XOR (36).jpg,UNKNOWN,UNKNOWN
XOR (37).jpg,UNKNOWN,UNKNOWN
XOR (38).jpg,UNKNOWN,UNKNOWN
XOR (39).jpg,UNKNOWN,UNKNOWN
XOR (4).jpg,UNKNOWN,UNKNOWN
XOR (40).jpg,UNKNOWN,UNKNOWN
XOR (5).jpg,UNKNOWN,UNKNOWN
XOR (57).jpg,UNKNOWN,UNKNOWN
XOR (59).jpg,UNKNOWN,UNKNOWN
XOR (60).jpg,UNKNOWN,UNKNOWN
XOR (62).jpg,UNKNOWN,UNKNOWN
XOR (63).jpg,UNKNOWN,UNKNOWN
XOR (82).jpg,UNKNOWN,UNKNOWN
XOR (88).jpg,UNKNOWN,UNKNOWN
XOR (90).jpg,UNKNOWN,UNKNOWN
